sample;data
1;1.4079
2;0.96996
3;-0.73806
4;-1.4763
5;-0.27984
6;1.2791
7;1.1585
8;-0.47704
9;-1.4804
10;-0.54258
11;1.0985
12;1.2927
13;-0.20335
14;-1.4215
15;-0.77263
16;0.8786
17;1.3662
18;0.065854
19;-1.3054
20;-0.95728
21;0.63462
22;1.3775
23;0.31424
24;-1.1426
25;-1.0878
26;0.38321
27;1.3299
28;0.52774
29;-0.94664
30;-1.1601
31;0.14087
32;1.2313
33;0.69577
34;-0.73318
35;-1.175
36;-0.077521
37;1.0936
38;0.81209
39;-0.51838
40;-1.1382
41;-0.26002
42;0.93094
43;0.87527
44;-0.31739
45;-1.0593
46;-0.39865
47;0.75874
48;0.88867
49;-0.14304
50;-0.95106
51;-0.49002
52;0.59206
53;0.85995
54;-0.0046098
55;-0.82778
56;-0.53548
57;0.44414
58;0.80018
59;0.092918
60;-0.70413
61;-0.54087
62;0.3252
63;0.72265
64;0.14921
65;-0.59352
66;-0.51572
67;0.24146
68;0.64141
69;0.16849
70;-0.50676
71;-0.47223
72;0.19464
73;0.56984
74;0.15893
75;-0.45106
76;-0.42387
77;0.18191
78;0.51922
79;0.13176
80;-0.4293
81;-0.38394
82;0.19624
83;0.49755
84;0.099926
85;-0.43982
86;-0.36412
87;0.22725
88;0.50878
89;0.07673
90;-0.47662
91;-0.37324
92;0.26238
93;0.55231
94;0.074323
95;-0.53004
96;-0.41623
97;0.28822
98;0.62311
99;0.10238
100;-0.58779
101;-0.49363
102;0.29203
103;0.71219
104;0.167
105;-0.63626
106;-0.60143
107;0.26313
108;0.80752
109;0.26996
110;-0.66202
111;-0.73138
112;0.1941
113;0.89526
114;0.40843
115;-0.6532
116;-0.87179
117;0.081682
118;0.96119
119;0.57513
120;-0.60086
121;-1.0087
122;-0.072761
123;0.99218
124;0.75893
125;-0.5
126;-1.1271
127;-0.26321
128;0.97759
129;0.94587
130;-0.3502
131;-1.2126
132;-0.47943
133;0.91043
134;1.1205
135;-0.15582
136;-1.2528
137;-0.70788
138;0.78819
139;1.2672
140;0.074232
141;-1.2385
142;-0.93285
143;0.61318
144;1.3719
145;0.32725
146;-1.165
147;-1.138
148;0.39252
149;1.4234
150;0.58779
151;-1.0322
152;-1.3077
153;0.13756
154;1.4143
155;0.83906
156;-0.84484
157;-1.4286
158;-0.13704
159;1.3418
160;1.0644
161;-0.61256
162;-1.4911
163;-0.41463
164;1.2085
165;1.2488
166;-0.34862
167;-1.4897
168;-0.67799
169;1.0214
170;1.3804
171;-0.068966
172;-1.424
173;-0.91088
174;0.79199
175;1.4511
176;0.20919
177;-1.2988
178;-1.0995
179;0.53502
180;1.4578
181;0.46894
182;-1.1232
183;-1.2336
184;0.26703
185;1.4025
186;0.69512
187;-0.91003
188;-1.3075
189;0.0050385
190;1.2919
191;0.87567
192;-0.67485
193;-1.3204
194;-0.23503
195;1.1368
196;1.0026
197;-0.43417
198;-1.2766
199;-0.43976
200;0.95106
201;1.0728
202;-0.20412
203;-1.1845
204;-0.59938
205;0.75032
206;1.0879
207;0.0010376
208;-1.0563
209;-0.70856
210;0.55044
211;1.0542
212;0.1702
213;-0.90623
214;-0.76681
215;0.366
216;0.98187
217;0.29635
218;-0.74958
219;-0.77829
220;0.20902
221;0.88385
222;0.37709
223;-0.6009
224;-0.75133
225;0.087785
226;0.77446
227;0.41473
228;-0.47266
229;-0.69741
230;0.0062254
231;0.66797
232;0.4159
233;-0.37413
234;-0.62991
235;-0.036384
236;0.57713
237;0.39073
238;-0.31042
239;-0.56268
240;-0.045203
241;0.51184
242;0.35171
243;-0.28216
244;-0.50858
245;-0.029175
246;0.47825
247;0.31228
248;-0.28542
249;-0.4781
250;-4.41E-15
251;0.4781
252;0.28542
253;-0.31228
254;-0.47825
255;0.029175
256;0.50858
257;0.28216
258;-0.35171
259;-0.51184
260;0.045203
261;0.56268
262;0.31042
263;-0.39073
264;-0.57713
265;0.036384
266;0.62991
267;0.37413
268;-0.4159
269;-0.66797
270;-0.0062254
271;0.69741
272;0.47266
273;-0.41473
274;-0.77446
275;-0.087785
276;0.75133
277;0.6009
278;-0.37709
279;-0.88385
280;-0.20902
281;0.77829
282;0.74958
283;-0.29635
284;-0.98187
285;-0.366
286;0.76681
287;0.90623
288;-0.1702
289;-1.0542
290;-0.55044
291;0.70856
292;1.0563
293;-0.0010376
294;-1.0879
295;-0.75032
296;0.59938
297;1.1845
298;0.20412
299;-1.0728
300;-0.95106
301;0.43976
302;1.2766
303;0.43417
304;-1.0026
305;-1.1368
306;0.23503
307;1.3204
308;0.67485
309;-0.87567
310;-1.2919
311;-0.0050385
312;1.3075
313;0.91003
314;-0.69512
315;-1.4025
316;-0.26703
317;1.2336
318;1.1232
319;-0.46894
320;-1.4578
321;-0.53502
322;1.0995
323;1.2988
324;-0.20919
325;-1.4511
326;-0.79199
327;0.91088
328;1.424
329;0.068966
330;-1.3804
331;-1.0214
332;0.67799
333;1.4897
334;0.34862
335;-1.2488
336;-1.2085
337;0.41463
338;1.4911
339;0.61256
340;-1.0644
341;-1.3418
342;0.13704
343;1.4286
344;0.84484
345;-0.83906
346;-1.4143
347;-0.13756
348;1.3077
349;1.0322
350;-0.58779
351;-1.4234
352;-0.39252
353;1.138
354;1.165
355;-0.32725
356;-1.3719
357;-0.61318
358;0.93285
359;1.2385
360;-0.074232
361;-1.2672
362;-0.78819
363;0.70788
364;1.2528
365;0.15582
366;-1.1205
367;-0.91043
368;0.47943
369;1.2126
370;0.3502
371;-0.94587
372;-0.97759
373;0.26321
374;1.1271
375;0.5
376;-0.75893
377;-0.99218
378;0.072761
379;1.0087
380;0.60086
381;-0.57513
382;-0.96119
383;-0.081682
384;0.87179
385;0.6532
386;-0.40843
387;-0.89526
388;-0.1941
389;0.73138
390;0.66202
391;-0.26996
392;-0.80752
393;-0.26313
394;0.60143
395;0.63626
396;-0.167
397;-0.71219
398;-0.29203
399;0.49363
400;0.58779
401;-0.10238
402;-0.62311
403;-0.28822
404;0.41623
405;0.53004
406;-0.074323
407;-0.55231
408;-0.26238
409;0.37324
410;0.47662
411;-0.07673
412;-0.50878
413;-0.22725
414;0.36412
415;0.43982
416;-0.099926
417;-0.49755
418;-0.19624
419;0.38394
420;0.4293
421;-0.13176
422;-0.51922
423;-0.18191
424;0.42387
425;0.45106
426;-0.15893
427;-0.56984
428;-0.19464
429;0.47223
430;0.50676
431;-0.16849
432;-0.64141
433;-0.24146
434;0.51572
435;0.59352
436;-0.14921
437;-0.72265
438;-0.3252
439;0.54087
440;0.70413
441;-0.092918
442;-0.80018
443;-0.44414
444;0.53548
445;0.82778
446;0.0046098
447;-0.85995
448;-0.59206
449;0.49002
450;0.95106
451;0.14304
452;-0.88867
453;-0.75874
454;0.39865
455;1.0593
456;0.31739
457;-0.87527
458;-0.93094
459;0.26002
460;1.1382
461;0.51838
462;-0.81209
463;-1.0936
464;0.077521
465;1.175
466;0.73318
467;-0.69577
468;-1.2313
469;-0.14087
470;1.1601
471;0.94664
472;-0.52774
473;-1.3299
474;-0.38321
475;1.0878
476;1.1426
477;-0.31424
478;-1.3775
479;-0.63462
480;0.95728
481;1.3054
482;-0.065854
483;-1.3662
484;-0.8786
485;0.77263
486;1.4215
487;0.20335
488;-1.2927
489;-1.0985
490;0.54258
491;1.4804
492;0.47704
493;-1.1585
494;-1.2791
495;0.27984
496;1.4763
497;0.73806
498;-0.96996
499;-1.4079
500;-1.24E-13
501;1.4079
502;0.96996
503;-0.73806
504;-1.4763
505;-0.27984
506;1.2791
507;1.1585
508;-0.47704
509;-1.4804
510;-0.54258
511;1.0985
512;1.2927
513;-0.20335
514;-1.4215
515;-0.77263
516;0.8786
517;1.3662
518;0.065854
519;-1.3054
520;-0.95728
521;0.63462
522;1.3775
523;0.31424
524;-1.1426
525;-1.0878
526;0.38321
527;1.3299
528;0.52774
529;-0.94664
530;-1.1601
531;0.14087
532;1.2313
533;0.69577
534;-0.73318
535;-1.175
536;-0.077521
537;1.0936
538;0.81209
539;-0.51838
540;-1.1382
541;-0.26002
542;0.93094
543;0.87527
544;-0.31739
545;-1.0593
546;-0.39865
547;0.75874
548;0.88867
549;-0.14304
550;-0.95106
551;-0.49002
552;0.59206
553;0.85995
554;-0.0046098
555;-0.82778
556;-0.53548
557;0.44414
558;0.80018
559;0.092918
560;-0.70413
561;-0.54087
562;0.3252
563;0.72265
564;0.14921
565;-0.59352
566;-0.51572
567;0.24146
568;0.64141
569;0.16849
570;-0.50676
571;-0.47223
572;0.19464
573;0.56984
574;0.15893
575;-0.45106
576;-0.42387
577;0.18191
578;0.51922
579;0.13176
580;-0.4293
581;-0.38394
582;0.19624
583;0.49755
584;0.099926
585;-0.43982
586;-0.36412
587;0.22725
588;0.50878
589;0.07673
590;-0.47662
591;-0.37324
592;0.26238
593;0.55231
594;0.074323
595;-0.53004
596;-0.41623
597;0.28822
598;0.62311
599;0.10238
600;-0.58779
601;-0.49363
602;0.29203
603;0.71219
604;0.167
605;-0.63626
606;-0.60143
607;0.26313
608;0.80752
609;0.26996
610;-0.66202
611;-0.73138
612;0.1941
613;0.89526
614;0.40843
615;-0.6532
616;-0.87179
617;0.081682
618;0.96119
619;0.57513
620;-0.60086
621;-1.0087
622;-0.072761
623;0.99218
624;0.75893
625;-0.5
626;-1.1271
627;-0.26321
628;0.97759
629;0.94587
630;-0.3502
631;-1.2126
632;-0.47943
633;0.91043
634;1.1205
635;-0.15582
636;-1.2528
637;-0.70788
638;0.78819
639;1.2672
640;0.074232
641;-1.2385
642;-0.93285
643;0.61318
644;1.3719
645;0.32725
646;-1.165
647;-1.138
648;0.39252
649;1.4234
650;0.58779
651;-1.0322
652;-1.3077
653;0.13756
654;1.4143
655;0.83906
656;-0.84484
657;-1.4286
658;-0.13704
659;1.3418
660;1.0644
661;-0.61256
662;-1.4911
663;-0.41463
664;1.2085
665;1.2488
666;-0.34862
667;-1.4897
668;-0.67799
669;1.0214
670;1.3804
671;-0.068966
672;-1.424
673;-0.91088
674;0.79199
675;1.4511
676;0.20919
677;-1.2988
678;-1.0995
679;0.53502
680;1.4578
681;0.46894
682;-1.1232
683;-1.2336
684;0.26703
685;1.4025
686;0.69512
687;-0.91003
688;-1.3075
689;0.0050385
690;1.2919
691;0.87567
692;-0.67485
693;-1.3204
694;-0.23503
695;1.1368
696;1.0026
697;-0.43417
698;-1.2766
699;-0.43976
700;0.95106
701;1.0728
702;-0.20412
703;-1.1845
704;-0.59938
705;0.75032
706;1.0879
707;0.0010376
708;-1.0563
709;-0.70856
710;0.55044
711;1.0542
712;0.1702
713;-0.90623
714;-0.76681
715;0.366
716;0.98187
717;0.29635
718;-0.74958
719;-0.77829
720;0.20902
721;0.88385
722;0.37709
723;-0.6009
724;-0.75133
725;0.087785
726;0.77446
727;0.41473
728;-0.47266
729;-0.69741
730;0.0062254
731;0.66797
732;0.4159
733;-0.37413
734;-0.62991
735;-0.036384
736;0.57713
737;0.39073
738;-0.31042
739;-0.56268
740;-0.045203
741;0.51184
742;0.35171
743;-0.28216
744;-0.50858
745;-0.029175
746;0.47825
747;0.31228
748;-0.28542
749;-0.4781
750;7.20E-14
751;0.4781
752;0.28542
753;-0.31228
754;-0.47825
755;0.029175
756;0.50858
757;0.28216
758;-0.35171
759;-0.51184
760;0.045203
761;0.56268
762;0.31042
763;-0.39073
764;-0.57713
765;0.036384
766;0.62991
767;0.37413
768;-0.4159
769;-0.66797
770;-0.0062254
771;0.69741
772;0.47266
773;-0.41473
774;-0.77446
775;-0.087785
776;0.75133
777;0.6009
778;-0.37709
779;-0.88385
780;-0.20902
781;0.77829
782;0.74958
783;-0.29635
784;-0.98187
785;-0.366
786;0.76681
787;0.90623
788;-0.1702
789;-1.0542
790;-0.55044
791;0.70856
792;1.0563
793;-0.0010376
794;-1.0879
795;-0.75032
796;0.59938
797;1.1845
798;0.20412
799;-1.0728
800;-0.95106
801;0.43976
802;1.2766
803;0.43417
804;-1.0026
805;-1.1368
806;0.23503
807;1.3204
808;0.67485
809;-0.87567
810;-1.2919
811;-0.0050385
812;1.3075
813;0.91003
814;-0.69512
815;-1.4025
816;-0.26703
817;1.2336
818;1.1232
819;-0.46894
820;-1.4578
821;-0.53502
822;1.0995
823;1.2988
824;-0.20919
825;-1.4511
826;-0.79199
827;0.91088
828;1.424
829;0.068966
830;-1.3804
831;-1.0214
832;0.67799
833;1.4897
834;0.34862
835;-1.2488
836;-1.2085
837;0.41463
838;1.4911
839;0.61256
840;-1.0644
841;-1.3418
842;0.13704
843;1.4286
844;0.84484
845;-0.83906
846;-1.4143
847;-0.13756
848;1.3077
849;1.0322
850;-0.58779
851;-1.4234
852;-0.39252
853;1.138
854;1.165
855;-0.32725
856;-1.3719
857;-0.61318
858;0.93285
859;1.2385
860;-0.074232
861;-1.2672
862;-0.78819
863;0.70788
864;1.2528
865;0.15582
866;-1.1205
867;-0.91043
868;0.47943
869;1.2126
870;0.3502
871;-0.94587
872;-0.97759
873;0.26321
874;1.1271
875;0.5
876;-0.75893
877;-0.99218
878;0.072761
879;1.0087
880;0.60086
881;-0.57513
882;-0.96119
883;-0.081682
884;0.87179
885;0.6532
886;-0.40843
887;-0.89526
888;-0.1941
889;0.73138
890;0.66202
891;-0.26996
892;-0.80752
893;-0.26313
894;0.60143
895;0.63626
896;-0.167
897;-0.71219
898;-0.29203
899;0.49363
900;0.58779
901;-0.10238
902;-0.62311
903;-0.28822
904;0.41623
905;0.53004
906;-0.074323
907;-0.55231
908;-0.26238
909;0.37324
910;0.47662
911;-0.07673
912;-0.50878
913;-0.22725
914;0.36412
915;0.43982
916;-0.099926
917;-0.49755
918;-0.19624
919;0.38394
920;0.4293
921;-0.13176
922;-0.51922
923;-0.18191
924;0.42387
925;0.45106
926;-0.15893
927;-0.56984
928;-0.19464
929;0.47223
930;0.50676
931;-0.16849
932;-0.64141
933;-0.24146
934;0.51572
935;0.59352
936;-0.14921
937;-0.72265
938;-0.3252
939;0.54087
940;0.70413
941;-0.092918
942;-0.80018
943;-0.44414
944;0.53548
945;0.82778
946;0.0046098
947;-0.85995
948;-0.59206
949;0.49002
950;0.95106
951;0.14304
952;-0.88867
953;-0.75874
954;0.39865
955;1.0593
956;0.31739
957;-0.87527
958;-0.93094
959;0.26002
960;1.1382
961;0.51838
962;-0.81209
963;-1.0936
964;0.077521
965;1.175
966;0.73318
967;-0.69577
968;-1.2313
969;-0.14087
970;1.1601
971;0.94664
972;-0.52774
973;-1.3299
974;-0.38321
975;1.0878
976;1.1426
977;-0.31424
978;-1.3775
979;-0.63462
980;0.95728
981;1.3054
982;-0.065854
983;-1.3662
984;-0.8786
985;0.77263
986;1.4215
987;0.20335
988;-1.2927
989;-1.0985
990;0.54258
991;1.4804
992;0.47704
993;-1.1585
994;-1.2791
995;0.27984
996;1.4763
997;0.73806
998;-0.96996
999;-1.4079
1000;-2.49E-13
1001;1.4079
1002;0.96996
1003;-0.73806
1004;-1.4763
1005;-0.27984
1006;1.2791
1007;1.1585
1008;-0.47704
1009;-1.4804
1010;-0.54258
1011;1.0985
1012;1.2927
1013;-0.20335
1014;-1.4215
1015;-0.77263
1016;0.8786
1017;1.3662
1018;0.065854
1019;-1.3054
1020;-0.95728
1021;0.63462
1022;1.3775
1023;0.31424
1024;-1.1426
1025;-1.0878
1026;0.38321
1027;1.3299
1028;0.52774
1029;-0.94664
1030;-1.1601
1031;0.14087
1032;1.2313
1033;0.69577
1034;-0.73318
1035;-1.175
1036;-0.077521
1037;1.0936
1038;0.81209
1039;-0.51838
1040;-1.1382
1041;-0.26002
1042;0.93094
1043;0.87527
1044;-0.31739
1045;-1.0593
1046;-0.39865
1047;0.75874
1048;0.88867
1049;-0.14304
1050;-0.95106
1051;-0.49002
1052;0.59206
1053;0.85995
1054;-0.0046098
1055;-0.82778
1056;-0.53548
1057;0.44414
1058;0.80018
1059;0.092918
1060;-0.70413
1061;-0.54087
1062;0.3252
1063;0.72265
1064;0.14921
1065;-0.59352
1066;-0.51572
1067;0.24146
1068;0.64141
1069;0.16849
1070;-0.50676
1071;-0.47223
1072;0.19464
1073;0.56984
1074;0.15893
1075;-0.45106
1076;-0.42387
1077;0.18191
1078;0.51922
1079;0.13176
1080;-0.4293
1081;-0.38394
1082;0.19624
1083;0.49755
1084;0.099926
1085;-0.43982
1086;-0.36412
1087;0.22725
1088;0.50878
1089;0.07673
1090;-0.47662
1091;-0.37324
1092;0.26238
1093;0.55231
1094;0.074323
1095;-0.53004
1096;-0.41623
1097;0.28822
1098;0.62311
1099;0.10238
1100;-0.58779
1101;-0.49363
1102;0.29203
1103;0.71219
1104;0.167
1105;-0.63626
1106;-0.60143
1107;0.26313
1108;0.80752
1109;0.26996
1110;-0.66202
1111;-0.73138
1112;0.1941
1113;0.89526
1114;0.40843
1115;-0.6532
1116;-0.87179
1117;0.081682
1118;0.96119
1119;0.57513
1120;-0.60086
1121;-1.0087
1122;-0.072761
1123;0.99218
1124;0.75893
1125;-0.5
1126;-1.1271
1127;-0.26321
1128;0.97759
1129;0.94587
1130;-0.3502
1131;-1.2126
1132;-0.47943
1133;0.91043
1134;1.1205
1135;-0.15582
1136;-1.2528
1137;-0.70788
1138;0.78819
1139;1.2672
1140;0.074232
1141;-1.2385
1142;-0.93285
1143;0.61318
1144;1.3719
1145;0.32725
1146;-1.165
1147;-1.138
1148;0.39252
1149;1.4234
1150;0.58779
1151;-1.0322
1152;-1.3077
1153;0.13756
1154;1.4143
1155;0.83906
1156;-0.84484
1157;-1.4286
1158;-0.13704
1159;1.3418
1160;1.0644
1161;-0.61256
1162;-1.4911
1163;-0.41463
1164;1.2085
1165;1.2488
1166;-0.34862
1167;-1.4897
1168;-0.67799
1169;1.0214
1170;1.3804
1171;-0.068966
1172;-1.424
1173;-0.91088
1174;0.79199
1175;1.4511
1176;0.20919
1177;-1.2988
1178;-1.0995
1179;0.53502
1180;1.4578
1181;0.46894
1182;-1.1232
1183;-1.2336
1184;0.26703
1185;1.4025
1186;0.69512
1187;-0.91003
1188;-1.3075
1189;0.0050385
1190;1.2919
1191;0.87567
1192;-0.67485
1193;-1.3204
1194;-0.23503
1195;1.1368
1196;1.0026
1197;-0.43417
1198;-1.2766
1199;-0.43976
1200;0.95106
1201;1.0728
1202;-0.20412
1203;-1.1845
1204;-0.59938
1205;0.75032
1206;1.0879
1207;0.0010376
1208;-1.0563
1209;-0.70856
1210;0.55044
1211;1.0542
1212;0.1702
1213;-0.90623
1214;-0.76681
1215;0.366
1216;0.98187
1217;0.29635
1218;-0.74958
1219;-0.77829
1220;0.20902
1221;0.88385
1222;0.37709
1223;-0.6009
1224;-0.75133
1225;0.087785
1226;0.77446
1227;0.41473
1228;-0.47266
1229;-0.69741
1230;0.0062254
1231;0.66797
1232;0.4159
1233;-0.37413
1234;-0.62991
1235;-0.036384
1236;0.57713
1237;0.39073
1238;-0.31042
1239;-0.56268
1240;-0.045203
1241;0.51184
1242;0.35171
1243;-0.28216
1244;-0.50858
1245;-0.029175
1246;0.47825
1247;0.31228
1248;-0.28542
1249;-0.4781
1250;6.32E-14
1251;0.4781
1252;0.28542
1253;-0.31228
1254;-0.47825
1255;0.029175
1256;0.50858
1257;0.28216
1258;-0.35171
1259;-0.51184
1260;0.045203
1261;0.56268
1262;0.31042
1263;-0.39073
1264;-0.57713
1265;0.036384
1266;0.62991
1267;0.37413
1268;-0.4159
1269;-0.66797
1270;-0.0062254
1271;0.69741
1272;0.47266
1273;-0.41473
1274;-0.77446
1275;-0.087785
1276;0.75133
1277;0.6009
1278;-0.37709
1279;-0.88385
1280;-0.20902
1281;0.77829
1282;0.74958
1283;-0.29635
1284;-0.98187
1285;-0.366
1286;0.76681
1287;0.90623
1288;-0.1702
1289;-1.0542
1290;-0.55044
1291;0.70856
1292;1.0563
1293;-0.0010376
1294;-1.0879
1295;-0.75032
1296;0.59938
1297;1.1845
1298;0.20412
1299;-1.0728
1300;-0.95106
1301;0.43976
1302;1.2766
1303;0.43417
1304;-1.0026
1305;-1.1368
1306;0.23503
1307;1.3204
1308;0.67485
1309;-0.87567
1310;-1.2919
1311;-0.0050385
1312;1.3075
1313;0.91003
1314;-0.69512
1315;-1.4025
1316;-0.26703
1317;1.2336
1318;1.1232
1319;-0.46894
1320;-1.4578
1321;-0.53502
1322;1.0995
1323;1.2988
1324;-0.20919
1325;-1.4511
1326;-0.79199
1327;0.91088
1328;1.424
1329;0.068966
1330;-1.3804
1331;-1.0214
1332;0.67799
1333;1.4897
1334;0.34862
1335;-1.2488
1336;-1.2085
1337;0.41463
1338;1.4911
1339;0.61256
1340;-1.0644
1341;-1.3418
1342;0.13704
1343;1.4286
1344;0.84484
1345;-0.83906
1346;-1.4143
1347;-0.13756
1348;1.3077
1349;1.0322
1350;-0.58779
1351;-1.4234
1352;-0.39252
1353;1.138
1354;1.165
1355;-0.32725
1356;-1.3719
1357;-0.61318
1358;0.93285
1359;1.2385
1360;-0.074232
1361;-1.2672
1362;-0.78819
1363;0.70788
1364;1.2528
1365;0.15582
1366;-1.1205
1367;-0.91043
1368;0.47943
1369;1.2126
1370;0.3502
1371;-0.94587
1372;-0.97759
1373;0.26321
1374;1.1271
1375;0.5
1376;-0.75893
1377;-0.99218
1378;0.072761
1379;1.0087
1380;0.60086
1381;-0.57513
1382;-0.96119
1383;-0.081682
1384;0.87179
1385;0.6532
1386;-0.40843
1387;-0.89526
1388;-0.1941
1389;0.73138
1390;0.66202
1391;-0.26996
1392;-0.80752
1393;-0.26313
1394;0.60143
1395;0.63626
1396;-0.167
1397;-0.71219
1398;-0.29203
1399;0.49363
1400;0.58779
1401;-0.10238
1402;-0.62311
1403;-0.28822
1404;0.41623
1405;0.53004
1406;-0.074323
1407;-0.55231
1408;-0.26238
1409;0.37324
1410;0.47662
1411;-0.07673
1412;-0.50878
1413;-0.22725
1414;0.36412
1415;0.43982
1416;-0.099926
1417;-0.49755
1418;-0.19624
1419;0.38394
1420;0.4293
1421;-0.13176
1422;-0.51922
1423;-0.18191
1424;0.42387
1425;0.45106
1426;-0.15893
1427;-0.56984
1428;-0.19464
1429;0.47223
1430;0.50676
1431;-0.16849
1432;-0.64141
1433;-0.24146
1434;0.51572
1435;0.59352
1436;-0.14921
1437;-0.72265
1438;-0.3252
1439;0.54087
1440;0.70413
1441;-0.092918
1442;-0.80018
1443;-0.44414
1444;0.53548
1445;0.82778
1446;0.0046098
1447;-0.85995
1448;-0.59206
1449;0.49002
1450;0.95106
1451;0.14304
1452;-0.88867
1453;-0.75874
1454;0.39865
1455;1.0593
1456;0.31739
1457;-0.87527
1458;-0.93094
1459;0.26002
1460;1.1382
1461;0.51838
1462;-0.81209
1463;-1.0936
1464;0.077521
1465;1.175
1466;0.73318
1467;-0.69577
1468;-1.2313
1469;-0.14087
1470;1.1601
1471;0.94664
1472;-0.52774
1473;-1.3299
1474;-0.38321
1475;1.0878
1476;1.1426
1477;-0.31424
1478;-1.3775
1479;-0.63462
1480;0.95728
1481;1.3054
1482;-0.065854
1483;-1.3662
1484;-0.8786
1485;0.77263
1486;1.4215
1487;0.20335
1488;-1.2927
1489;-1.0985
1490;0.54258
1491;1.4804
1492;0.47704
1493;-1.1585
1494;-1.2791
1495;0.27984
1496;1.4763
1497;0.73806
1498;-0.96996
1499;-1.4079
1500;-8.91E-14
1501;1.4079
1502;0.96996
1503;-0.73806
1504;-1.4763
1505;-0.27984
1506;1.2791
1507;1.1585
1508;-0.47704
1509;-1.4804
1510;-0.54258
1511;1.0985
1512;1.2927
1513;-0.20335
1514;-1.4215
1515;-0.77263
1516;0.8786
1517;1.3662
1518;0.065854
1519;-1.3054
1520;-0.95728
1521;0.63462
1522;1.3775
1523;0.31424
1524;-1.1426
1525;-1.0878
1526;0.38321
1527;1.3299
1528;0.52774
1529;-0.94664
1530;-1.1601
1531;0.14087
1532;1.2313
1533;0.69577
1534;-0.73318
1535;-1.175
1536;-0.077521
1537;1.0936
1538;0.81209
1539;-0.51838
1540;-1.1382
1541;-0.26002
1542;0.93094
1543;0.87527
1544;-0.31739
1545;-1.0593
1546;-0.39865
1547;0.75874
1548;0.88867
1549;-0.14304
1550;-0.95106
1551;-0.49002
1552;0.59206
1553;0.85995
1554;-0.0046098
1555;-0.82778
1556;-0.53548
1557;0.44414
1558;0.80018
1559;0.092918
1560;-0.70413
1561;-0.54087
1562;0.3252
1563;0.72265
1564;0.14921
1565;-0.59352
1566;-0.51572
1567;0.24146
1568;0.64141
1569;0.16849
1570;-0.50676
1571;-0.47223
1572;0.19464
1573;0.56984
1574;0.15893
1575;-0.45106
1576;-0.42387
1577;0.18191
1578;0.51922
1579;0.13176
1580;-0.4293
1581;-0.38394
1582;0.19624
1583;0.49755
1584;0.099926
1585;-0.43982
1586;-0.36412
1587;0.22725
1588;0.50878
1589;0.07673
1590;-0.47662
1591;-0.37324
1592;0.26238
1593;0.55231
1594;0.074323
1595;-0.53004
1596;-0.41623
1597;0.28822
1598;0.62311
1599;0.10238
1600;-0.58779
1601;-0.49363
1602;0.29203
1603;0.71219
1604;0.167
1605;-0.63626
1606;-0.60143
1607;0.26313
1608;0.80752
1609;0.26996
1610;-0.66202
1611;-0.73138
1612;0.1941
1613;0.89526
1614;0.40843
1615;-0.6532
1616;-0.87179
1617;0.081682
1618;0.96119
1619;0.57513
1620;-0.60086
1621;-1.0087
1622;-0.072761
1623;0.99218
1624;0.75893
1625;-0.5
1626;-1.1271
1627;-0.26321
1628;0.97759
1629;0.94587
1630;-0.3502
1631;-1.2126
1632;-0.47943
1633;0.91043
1634;1.1205
1635;-0.15582
1636;-1.2528
1637;-0.70788
1638;0.78819
1639;1.2672
1640;0.074232
1641;-1.2385
1642;-0.93285
1643;0.61318
1644;1.3719
1645;0.32725
1646;-1.165
1647;-1.138
1648;0.39252
1649;1.4234
1650;0.58779
1651;-1.0322
1652;-1.3077
1653;0.13756
1654;1.4143
1655;0.83906
1656;-0.84484
1657;-1.4286
1658;-0.13704
1659;1.3418
1660;1.0644
1661;-0.61256
1662;-1.4911
1663;-0.41463
1664;1.2085
1665;1.2488
1666;-0.34862
1667;-1.4897
1668;-0.67799
1669;1.0214
1670;1.3804
1671;-0.068966
1672;-1.424
1673;-0.91088
1674;0.79199
1675;1.4511
1676;0.20919
1677;-1.2988
1678;-1.0995
1679;0.53502
1680;1.4578
1681;0.46894
1682;-1.1232
1683;-1.2336
1684;0.26703
1685;1.4025
1686;0.69512
1687;-0.91003
1688;-1.3075
1689;0.0050385
1690;1.2919
1691;0.87567
1692;-0.67485
1693;-1.3204
1694;-0.23503
1695;1.1368
1696;1.0026
1697;-0.43417
1698;-1.2766
1699;-0.43976
1700;0.95106
1701;1.0728
1702;-0.20412
1703;-1.1845
1704;-0.59938
1705;0.75032
1706;1.0879
1707;0.0010376
1708;-1.0563
1709;-0.70856
1710;0.55044
1711;1.0542
1712;0.1702
1713;-0.90623
1714;-0.76681
1715;0.366
1716;0.98187
1717;0.29635
1718;-0.74958
1719;-0.77829
1720;0.20902
1721;0.88385
1722;0.37709
1723;-0.6009
1724;-0.75133
1725;0.087785
1726;0.77446
1727;0.41473
1728;-0.47266
1729;-0.69741
1730;0.0062254
1731;0.66797
1732;0.4159
1733;-0.37413
1734;-0.62991
1735;-0.036384
1736;0.57713
1737;0.39073
1738;-0.31042
1739;-0.56268
1740;-0.045203
1741;0.51184
1742;0.35171
1743;-0.28216
1744;-0.50858
1745;-0.029175
1746;0.47825
1747;0.31228
1748;-0.28542
1749;-0.4781
1750;3.39E-13
1751;0.4781
1752;0.28542
1753;-0.31228
1754;-0.47825
1755;0.029175
1756;0.50858
1757;0.28216
1758;-0.35171
1759;-0.51184
1760;0.045203
1761;0.56268
1762;0.31042
1763;-0.39073
1764;-0.57713
1765;0.036384
1766;0.62991
1767;0.37413
1768;-0.4159
1769;-0.66797
1770;-0.0062254
1771;0.69741
1772;0.47266
1773;-0.41473
1774;-0.77446
1775;-0.087785
1776;0.75133
1777;0.6009
1778;-0.37709
1779;-0.88385
1780;-0.20902
1781;0.77829
1782;0.74958
1783;-0.29635
1784;-0.98187
1785;-0.366
1786;0.76681
1787;0.90623
1788;-0.1702
1789;-1.0542
1790;-0.55044
1791;0.70856
1792;1.0563
1793;-0.0010376
1794;-1.0879
1795;-0.75032
1796;0.59938
1797;1.1845
1798;0.20412
1799;-1.0728
1800;-0.95106
1801;0.43976
1802;1.2766
1803;0.43417
1804;-1.0026
1805;-1.1368
1806;0.23503
1807;1.3204
1808;0.67485
1809;-0.87567
1810;-1.2919
1811;-0.0050385
1812;1.3075
1813;0.91003
1814;-0.69512
1815;-1.4025
1816;-0.26703
1817;1.2336
1818;1.1232
1819;-0.46894
1820;-1.4578
1821;-0.53502
1822;1.0995
1823;1.2988
1824;-0.20919
1825;-1.4511
1826;-0.79199
1827;0.91088
1828;1.424
1829;0.068966
1830;-1.3804
1831;-1.0214
1832;0.67799
1833;1.4897
1834;0.34862
1835;-1.2488
1836;-1.2085
1837;0.41463
1838;1.4911
1839;0.61256
1840;-1.0644
1841;-1.3418
1842;0.13704
1843;1.4286
1844;0.84484
1845;-0.83906
1846;-1.4143
1847;-0.13756
1848;1.3077
1849;1.0322
1850;-0.58779
1851;-1.4234
1852;-0.39252
1853;1.138
1854;1.165
1855;-0.32725
1856;-1.3719
1857;-0.61318
1858;0.93285
1859;1.2385
1860;-0.074232
1861;-1.2672
1862;-0.78819
1863;0.70788
1864;1.2528
1865;0.15582
1866;-1.1205
1867;-0.91043
1868;0.47943
1869;1.2126
1870;0.3502
1871;-0.94587
1872;-0.97759
1873;0.26321
1874;1.1271
1875;0.5
1876;-0.75893
1877;-0.99218
1878;0.072761
1879;1.0087
1880;0.60086
1881;-0.57513
1882;-0.96119
1883;-0.081682
1884;0.87179
1885;0.6532
1886;-0.40843
1887;-0.89526
1888;-0.1941
1889;0.73138
1890;0.66202
1891;-0.26996
1892;-0.80752
1893;-0.26313
1894;0.60143
1895;0.63626
1896;-0.167
1897;-0.71219
1898;-0.29203
1899;0.49363
1900;0.58779
1901;-0.10238
1902;-0.62311
1903;-0.28822
1904;0.41623
1905;0.53004
1906;-0.074323
1907;-0.55231
1908;-0.26238
1909;0.37324
1910;0.47662
1911;-0.07673
1912;-0.50878
1913;-0.22725
1914;0.36412
1915;0.43982
1916;-0.099926
1917;-0.49755
1918;-0.19624
1919;0.38394
1920;0.4293
1921;-0.13176
1922;-0.51922
1923;-0.18191
1924;0.42387
1925;0.45106
1926;-0.15893
1927;-0.56984
1928;-0.19464
1929;0.47223
1930;0.50676
1931;-0.16849
1932;-0.64141
1933;-0.24146
1934;0.51572
1935;0.59352
1936;-0.14921
1937;-0.72265
1938;-0.3252
1939;0.54087
1940;0.70413
1941;-0.092918
1942;-0.80018
1943;-0.44414
1944;0.53548
1945;0.82778
1946;0.0046098
1947;-0.85995
1948;-0.59206
1949;0.49002
1950;0.95106
1951;0.14304
1952;-0.88867
1953;-0.75874
1954;0.39865
1955;1.0593
1956;0.31739
1957;-0.87527
1958;-0.93094
1959;0.26002
1960;1.1382
1961;0.51838
1962;-0.81209
1963;-1.0936
1964;0.077521
1965;1.175
1966;0.73318
1967;-0.69577
1968;-1.2313
1969;-0.14087
1970;1.1601
1971;0.94664
1972;-0.52774
1973;-1.3299
1974;-0.38321
1975;1.0878
1976;1.1426
1977;-0.31424
1978;-1.3775
1979;-0.63462
1980;0.95728
1981;1.3054
1982;-0.065854
1983;-1.3662
1984;-0.8786
1985;0.77263
1986;1.4215
1987;0.20335
1988;-1.2927
1989;-1.0985
1990;0.54258
1991;1.4804
1992;0.47704
1993;-1.1585
1994;-1.2791
1995;0.27984
1996;1.4763
1997;0.73806
1998;-0.96996
1999;-1.4079
2000;-4.98E-13
2001;1.4079
2002;0.96996
2003;-0.73806
2004;-1.4763
2005;-0.27984
2006;1.2791
2007;1.1585
2008;-0.47704
2009;-1.4804
2010;-0.54258
2011;1.0985
2012;1.2927
2013;-0.20335
2014;-1.4215
2015;-0.77263
2016;0.8786
2017;1.3662
2018;0.065854
2019;-1.3054
2020;-0.95728
2021;0.63462
2022;1.3775
2023;0.31424
2024;-1.1426
2025;-1.0878
2026;0.38321
2027;1.3299
2028;0.52774
2029;-0.94664
2030;-1.1601
2031;0.14087
2032;1.2313
2033;0.69577
2034;-0.73318
2035;-1.175
2036;-0.077521
2037;1.0936
2038;0.81209
2039;-0.51838
2040;-1.1382
2041;-0.26002
2042;0.93094
2043;0.87527
2044;-0.31739
2045;-1.0593
2046;-0.39865
2047;0.75874
2048;0.88867
2049;-0.14304
2050;-0.95106
2051;-0.49002
2052;0.59206
2053;0.85995
2054;-0.0046098
2055;-0.82778
2056;-0.53548
2057;0.44414
2058;0.80018
2059;0.092918
2060;-0.70413
2061;-0.54087
2062;0.3252
2063;0.72265
2064;0.14921
2065;-0.59352
2066;-0.51572
2067;0.24146
2068;0.64141
2069;0.16849
2070;-0.50676
2071;-0.47223
2072;0.19464
2073;0.56984
2074;0.15893
2075;-0.45106
2076;-0.42387
2077;0.18191
2078;0.51922
2079;0.13176
2080;-0.4293
2081;-0.38394
2082;0.19624
2083;0.49755
2084;0.099926
2085;-0.43982
2086;-0.36412
2087;0.22725
2088;0.50878
2089;0.07673
2090;-0.47662
2091;-0.37324
2092;0.26238
2093;0.55231
2094;0.074323
2095;-0.53004
2096;-0.41623
2097;0.28822
2098;0.62311
2099;0.10238
2100;-0.58779
2101;-0.49363
2102;0.29203
2103;0.71219
2104;0.167
2105;-0.63626
2106;-0.60143
2107;0.26313
2108;0.80752
2109;0.26996
2110;-0.66202
2111;-0.73138
2112;0.1941
2113;0.89526
2114;0.40843
2115;-0.6532
2116;-0.87179
2117;0.081682
2118;0.96119
2119;0.57513
2120;-0.60086
2121;-1.0087
2122;-0.072761
2123;0.99218
2124;0.75893
2125;-0.5
2126;-1.1271
2127;-0.26321
2128;0.97759
2129;0.94587
2130;-0.3502
2131;-1.2126
2132;-0.47943
2133;0.91043
2134;1.1205
2135;-0.15582
2136;-1.2528
2137;-0.70788
2138;0.78819
2139;1.2672
2140;0.074232
2141;-1.2385
2142;-0.93285
2143;0.61318
2144;1.3719
2145;0.32725
2146;-1.165
2147;-1.138
2148;0.39252
2149;1.4234
2150;0.58779
2151;-1.0322
2152;-1.3077
2153;0.13756
2154;1.4143
2155;0.83906
2156;-0.84484
2157;-1.4286
2158;-0.13704
2159;1.3418
2160;1.0644
2161;-0.61256
2162;-1.4911
2163;-0.41463
2164;1.2085
2165;1.2488
2166;-0.34862
2167;-1.4897
2168;-0.67799
2169;1.0214
2170;1.3804
2171;-0.068966
2172;-1.424
2173;-0.91088
2174;0.79199
2175;1.4511
2176;0.20919
2177;-1.2988
2178;-1.0995
2179;0.53502
2180;1.4578
2181;0.46894
2182;-1.1232
2183;-1.2336
2184;0.26703
2185;1.4025
2186;0.69512
2187;-0.91003
2188;-1.3075
2189;0.0050385
2190;1.2919
2191;0.87567
2192;-0.67485
2193;-1.3204
2194;-0.23503
2195;1.1368
2196;1.0026
2197;-0.43417
2198;-1.2766
2199;-0.43976
2200;0.95106
2201;1.0728
2202;-0.20412
2203;-1.1845
2204;-0.59938
2205;0.75032
2206;1.0879
2207;0.0010376
2208;-1.0563
2209;-0.70856
2210;0.55044
2211;1.0542
2212;0.1702
2213;-0.90623
2214;-0.76681
2215;0.366
2216;0.98187
2217;0.29635
2218;-0.74958
2219;-0.77829
2220;0.20902
2221;0.88385
2222;0.37709
2223;-0.6009
2224;-0.75133
2225;0.087785
2226;0.77446
2227;0.41473
2228;-0.47266
2229;-0.69741
2230;0.0062254
2231;0.66797
2232;0.4159
2233;-0.37413
2234;-0.62991
2235;-0.036384
2236;0.57713
2237;0.39073
2238;-0.31042
2239;-0.56268
2240;-0.045203
2241;0.51184
2242;0.35171
2243;-0.28216
2244;-0.50858
2245;-0.029175
2246;0.47825
2247;0.31228
2248;-0.28542
2249;-0.4781
2250;4.56E-14
2251;0.4781
2252;0.28542
2253;-0.31228
2254;-0.47825
2255;0.029175
2256;0.50858
2257;0.28216
2258;-0.35171
2259;-0.51184
2260;0.045203
2261;0.56268
2262;0.31042
2263;-0.39073
2264;-0.57713
2265;0.036384
2266;0.62991
2267;0.37413
2268;-0.4159
2269;-0.66797
2270;-0.0062254
2271;0.69741
2272;0.47266
2273;-0.41473
2274;-0.77446
2275;-0.087785
2276;0.75133
2277;0.6009
2278;-0.37709
2279;-0.88385
2280;-0.20902
2281;0.77829
2282;0.74958
2283;-0.29635
2284;-0.98187
2285;-0.366
2286;0.76681
2287;0.90623
2288;-0.1702
2289;-1.0542
2290;-0.55044
2291;0.70856
2292;1.0563
2293;-0.0010376
2294;-1.0879
2295;-0.75032
2296;0.59938
2297;1.1845
2298;0.20412
2299;-1.0728
2300;-0.95106
2301;0.43976
2302;1.2766
2303;0.43417
2304;-1.0026
2305;-1.1368
2306;0.23503
2307;1.3204
2308;0.67485
2309;-0.87567
2310;-1.2919
2311;-0.0050385
2312;1.3075
2313;0.91003
2314;-0.69512
2315;-1.4025
2316;-0.26703
2317;1.2336
2318;1.1232
2319;-0.46894
2320;-1.4578
2321;-0.53502
2322;1.0995
2323;1.2988
2324;-0.20919
2325;-1.4511
2326;-0.79199
2327;0.91088
2328;1.424
2329;0.068966
2330;-1.3804
2331;-1.0214
2332;0.67799
2333;1.4897
2334;0.34862
2335;-1.2488
2336;-1.2085
2337;0.41463
2338;1.4911
2339;0.61256
2340;-1.0644
2341;-1.3418
2342;0.13704
2343;1.4286
2344;0.84484
2345;-0.83906
2346;-1.4143
2347;-0.13756
2348;1.3077
2349;1.0322
2350;-0.58779
2351;-1.4234
2352;-0.39252
2353;1.138
2354;1.165
2355;-0.32725
2356;-1.3719
2357;-0.61318
2358;0.93285
2359;1.2385
2360;-0.074232
2361;-1.2672
2362;-0.78819
2363;0.70788
2364;1.2528
2365;0.15582
2366;-1.1205
2367;-0.91043
2368;0.47943
2369;1.2126
2370;0.3502
2371;-0.94587
2372;-0.97759
2373;0.26321
2374;1.1271
2375;0.5
2376;-0.75893
2377;-0.99218
2378;0.072761
2379;1.0087
2380;0.60086
2381;-0.57513
2382;-0.96119
2383;-0.081682
2384;0.87179
2385;0.6532
2386;-0.40843
2387;-0.89526
2388;-0.1941
2389;0.73138
2390;0.66202
2391;-0.26996
2392;-0.80752
2393;-0.26313
2394;0.60143
2395;0.63626
2396;-0.167
2397;-0.71219
2398;-0.29203
2399;0.49363
2400;0.58779
2401;-0.10238
2402;-0.62311
2403;-0.28822
2404;0.41623
2405;0.53004
2406;-0.074323
2407;-0.55231
2408;-0.26238
2409;0.37324
2410;0.47662
2411;-0.07673
2412;-0.50878
2413;-0.22725
2414;0.36412
2415;0.43982
2416;-0.099926
2417;-0.49755
2418;-0.19624
2419;0.38394
2420;0.4293
2421;-0.13176
2422;-0.51922
2423;-0.18191
2424;0.42387
2425;0.45106
2426;-0.15893
2427;-0.56984
2428;-0.19464
2429;0.47223
2430;0.50676
2431;-0.16849
2432;-0.64141
2433;-0.24146
2434;0.51572
2435;0.59352
2436;-0.14921
2437;-0.72265
2438;-0.3252
2439;0.54087
2440;0.70413
2441;-0.092918
2442;-0.80018
2443;-0.44414
2444;0.53548
2445;0.82778
2446;0.0046098
2447;-0.85995
2448;-0.59206
2449;0.49002
2450;0.95106
2451;0.14304
2452;-0.88867
2453;-0.75874
2454;0.39865
2455;1.0593
2456;0.31739
2457;-0.87527
2458;-0.93094
2459;0.26002
2460;1.1382
2461;0.51838
2462;-0.81209
2463;-1.0936
2464;0.077521
2465;1.175
2466;0.73318
2467;-0.69577
2468;-1.2313
2469;-0.14087
2470;1.1601
2471;0.94664
2472;-0.52774
2473;-1.3299
2474;-0.38321
2475;1.0878
2476;1.1426
2477;-0.31424
2478;-1.3775
2479;-0.63462
2480;0.95728
2481;1.3054
2482;-0.065854
2483;-1.3662
2484;-0.8786
2485;0.77263
2486;1.4215
2487;0.20335
2488;-1.2927
2489;-1.0985
2490;0.54258
2491;1.4804
2492;0.47704
2493;-1.1585
2494;-1.2791
2495;0.27984
2496;1.4763
2497;0.73806
2498;-0.96996
2499;-1.4079
2500;-3.38E-13
2501;1.4079
2502;0.96996
2503;-0.73806
2504;-1.4763
2505;-0.27984
2506;1.2791
2507;1.1585
2508;-0.47704
2509;-1.4804
2510;-0.54258
2511;1.0985
2512;1.2927
2513;-0.20335
2514;-1.4215
2515;-0.77263
2516;0.8786
2517;1.3662
2518;0.065854
2519;-1.3054
2520;-0.95728
2521;0.63462
2522;1.3775
2523;0.31424
2524;-1.1426
2525;-1.0878
2526;0.38321
2527;1.3299
2528;0.52774
2529;-0.94664
2530;-1.1601
2531;0.14087
2532;1.2313
2533;0.69577
2534;-0.73318
2535;-1.175
2536;-0.077521
2537;1.0936
2538;0.81209
2539;-0.51838
2540;-1.1382
2541;-0.26002
2542;0.93094
2543;0.87527
2544;-0.31739
2545;-1.0593
2546;-0.39865
2547;0.75874
2548;0.88867
2549;-0.14304
2550;-0.95106
2551;-0.49002
2552;0.59206
2553;0.85995
2554;-0.0046098
2555;-0.82778
2556;-0.53548
2557;0.44414
2558;0.80018
2559;0.092918
2560;-0.70413
2561;-0.54087
2562;0.3252
2563;0.72265
2564;0.14921
2565;-0.59352
2566;-0.51572
2567;0.24146
2568;0.64141
2569;0.16849
2570;-0.50676
2571;-0.47223
2572;0.19464
2573;0.56984
2574;0.15893
2575;-0.45106
2576;-0.42387
2577;0.18191
2578;0.51922
2579;0.13176
2580;-0.4293
2581;-0.38394
2582;0.19624
2583;0.49755
2584;0.099926
2585;-0.43982
2586;-0.36412
2587;0.22725
2588;0.50878
2589;0.07673
2590;-0.47662
2591;-0.37324
2592;0.26238
2593;0.55231
2594;0.074323
2595;-0.53004
2596;-0.41623
2597;0.28822
2598;0.62311
2599;0.10238
2600;-0.58779
2601;-0.49363
2602;0.29203
2603;0.71219
2604;0.167
2605;-0.63626
2606;-0.60143
2607;0.26313
2608;0.80752
2609;0.26996
2610;-0.66202
2611;-0.73138
2612;0.1941
2613;0.89526
2614;0.40843
2615;-0.6532
2616;-0.87179
2617;0.081682
2618;0.96119
2619;0.57513
2620;-0.60086
2621;-1.0087
2622;-0.072761
2623;0.99218
2624;0.75893
2625;-0.5
2626;-1.1271
2627;-0.26321
2628;0.97759
2629;0.94587
2630;-0.3502
2631;-1.2126
2632;-0.47943
2633;0.91043
2634;1.1205
2635;-0.15582
2636;-1.2528
2637;-0.70788
2638;0.78819
2639;1.2672
2640;0.074232
2641;-1.2385
2642;-0.93285
2643;0.61318
2644;1.3719
2645;0.32725
2646;-1.165
2647;-1.138
2648;0.39252
2649;1.4234
2650;0.58779
2651;-1.0322
2652;-1.3077
2653;0.13756
2654;1.4143
2655;0.83906
2656;-0.84484
2657;-1.4286
2658;-0.13704
2659;1.3418
2660;1.0644
2661;-0.61256
2662;-1.4911
2663;-0.41463
2664;1.2085
2665;1.2488
2666;-0.34862
2667;-1.4897
2668;-0.67799
2669;1.0214
2670;1.3804
2671;-0.068966
2672;-1.424
2673;-0.91088
2674;0.79199
2675;1.4511
2676;0.20919
2677;-1.2988
2678;-1.0995
2679;0.53502
2680;1.4578
2681;0.46894
2682;-1.1232
2683;-1.2336
2684;0.26703
2685;1.4025
2686;0.69512
2687;-0.91003
2688;-1.3075
2689;0.0050385
2690;1.2919
2691;0.87567
2692;-0.67485
2693;-1.3204
2694;-0.23503
2695;1.1368
2696;1.0026
2697;-0.43417
2698;-1.2766
2699;-0.43976
2700;0.95106
2701;1.0728
2702;-0.20412
2703;-1.1845
2704;-0.59938
2705;0.75032
2706;1.0879
2707;0.0010376
2708;-1.0563
2709;-0.70856
2710;0.55044
2711;1.0542
2712;0.1702
2713;-0.90623
2714;-0.76681
2715;0.366
2716;0.98187
2717;0.29635
2718;-0.74958
2719;-0.77829
2720;0.20902
2721;0.88385
2722;0.37709
2723;-0.6009
2724;-0.75133
2725;0.087785
2726;0.77446
2727;0.41473
2728;-0.47266
2729;-0.69741
2730;0.0062254
2731;0.66797
2732;0.4159
2733;-0.37413
2734;-0.62991
2735;-0.036384
2736;0.57713
2737;0.39073
2738;-0.31042
2739;-0.56268
2740;-0.045203
2741;0.51184
2742;0.35171
2743;-0.28216
2744;-0.50858
2745;-0.029175
2746;0.47825
2747;0.31228
2748;-0.28542
2749;-0.4781
2750;2.07E-13
2751;0.4781
2752;0.28542
2753;-0.31228
2754;-0.47825
2755;0.029175
2756;0.50858
2757;0.28216
2758;-0.35171
2759;-0.51184
2760;0.045203
2761;0.56268
2762;0.31042
2763;-0.39073
2764;-0.57713
2765;0.036384
2766;0.62991
2767;0.37413
2768;-0.4159
2769;-0.66797
2770;-0.0062254
2771;0.69741
2772;0.47266
2773;-0.41473
2774;-0.77446
2775;-0.087785
2776;0.75133
2777;0.6009
2778;-0.37709
2779;-0.88385
2780;-0.20902
2781;0.77829
2782;0.74958
2783;-0.29635
2784;-0.98187
2785;-0.366
2786;0.76681
2787;0.90623
2788;-0.1702
2789;-1.0542
2790;-0.55044
2791;0.70856
2792;1.0563
2793;-0.0010376
2794;-1.0879
2795;-0.75032
2796;0.59938
2797;1.1845
2798;0.20412
2799;-1.0728
2800;-0.95106
2801;0.43976
2802;1.2766
2803;0.43417
2804;-1.0026
2805;-1.1368
2806;0.23503
2807;1.3204
2808;0.67485
2809;-0.87567
2810;-1.2919
2811;-0.0050385
2812;1.3075
2813;0.91003
2814;-0.69512
2815;-1.4025
2816;-0.26703
2817;1.2336
2818;1.1232
2819;-0.46894
2820;-1.4578
2821;-0.53502
2822;1.0995
2823;1.2988
2824;-0.20919
2825;-1.4511
2826;-0.79199
2827;0.91088
2828;1.424
2829;0.068966
2830;-1.3804
2831;-1.0214
2832;0.67799
2833;1.4897
2834;0.34862
2835;-1.2488
2836;-1.2085
2837;0.41463
2838;1.4911
2839;0.61256
2840;-1.0644
2841;-1.3418
2842;0.13704
2843;1.4286
2844;0.84484
2845;-0.83906
2846;-1.4143
2847;-0.13756
2848;1.3077
2849;1.0322
2850;-0.58779
2851;-1.4234
2852;-0.39252
2853;1.138
2854;1.165
2855;-0.32725
2856;-1.3719
2857;-0.61318
2858;0.93285
2859;1.2385
2860;-0.074232
2861;-1.2672
2862;-0.78819
2863;0.70788
2864;1.2528
2865;0.15582
2866;-1.1205
2867;-0.91043
2868;0.47943
2869;1.2126
2870;0.3502
2871;-0.94587
2872;-0.97759
2873;0.26321
2874;1.1271
2875;0.5
2876;-0.75893
2877;-0.99218
2878;0.072761
2879;1.0087
2880;0.60086
2881;-0.57513
2882;-0.96119
2883;-0.081682
2884;0.87179
2885;0.6532
2886;-0.40843
2887;-0.89526
2888;-0.1941
2889;0.73138
2890;0.66202
2891;-0.26996
2892;-0.80752
2893;-0.26313
2894;0.60143
2895;0.63626
2896;-0.167
2897;-0.71219
2898;-0.29203
2899;0.49363
2900;0.58779
2901;-0.10238
2902;-0.62311
2903;-0.28822
2904;0.41623
2905;0.53004
2906;-0.074323
2907;-0.55231
2908;-0.26238
2909;0.37324
2910;0.47662
2911;-0.07673
2912;-0.50878
2913;-0.22725
2914;0.36412
2915;0.43982
2916;-0.099926
2917;-0.49755
2918;-0.19624
2919;0.38394
2920;0.4293
2921;-0.13176
2922;-0.51922
2923;-0.18191
2924;0.42387
2925;0.45106
2926;-0.15893
2927;-0.56984
2928;-0.19464
2929;0.47223
2930;0.50676
2931;-0.16849
2932;-0.64141
2933;-0.24146
2934;0.51572
2935;0.59352
2936;-0.14921
2937;-0.72265
2938;-0.3252
2939;0.54087
2940;0.70413
2941;-0.092918
2942;-0.80018
2943;-0.44414
2944;0.53548
2945;0.82778
2946;0.0046098
2947;-0.85995
2948;-0.59206
2949;0.49002
2950;0.95106
2951;0.14304
2952;-0.88867
2953;-0.75874
2954;0.39865
2955;1.0593
2956;0.31739
2957;-0.87527
2958;-0.93094
2959;0.26002
2960;1.1382
2961;0.51838
2962;-0.81209
2963;-1.0936
2964;0.077521
2965;1.175
2966;0.73318
2967;-0.69577
2968;-1.2313
2969;-0.14087
2970;1.1601
2971;0.94664
2972;-0.52774
2973;-1.3299
2974;-0.38321
2975;1.0878
2976;1.1426
2977;-0.31424
2978;-1.3775
2979;-0.63462
2980;0.95728
2981;1.3054
2982;-0.065854
2983;-1.3662
2984;-0.8786
2985;0.77263
2986;1.4215
2987;0.20335
2988;-1.2927
2989;-1.0985
2990;0.54258
2991;1.4804
2992;0.47704
2993;-1.1585
2994;-1.2791
2995;0.27984
2996;1.4763
2997;0.73806
2998;-0.96996
2999;-1.4079
3000;-1.78E-13
3001;1.4079
3002;0.96996
3003;-0.73806
3004;-1.4763
3005;-0.27984
3006;1.2791
3007;1.1585
3008;-0.47704
3009;-1.4804
3010;-0.54258
3011;1.0985
3012;1.2927
3013;-0.20335
3014;-1.4215
3015;-0.77263
3016;0.8786
3017;1.3662
3018;0.065854
3019;-1.3054
3020;-0.95728
3021;0.63462
3022;1.3775
3023;0.31424
3024;-1.1426
3025;-1.0878
3026;0.38321
3027;1.3299
3028;0.52774
3029;-0.94664
3030;-1.1601
3031;0.14087
3032;1.2313
3033;0.69577
3034;-0.73318
3035;-1.175
3036;-0.077521
3037;1.0936
3038;0.81209
3039;-0.51838
3040;-1.1382
3041;-0.26002
3042;0.93094
3043;0.87527
3044;-0.31739
3045;-1.0593
3046;-0.39865
3047;0.75874
3048;0.88867
3049;-0.14304
3050;-0.95106
3051;-0.49002
3052;0.59206
3053;0.85995
3054;-0.0046098
3055;-0.82778
3056;-0.53548
3057;0.44414
3058;0.80018
3059;0.092918
3060;-0.70413
3061;-0.54087
3062;0.3252
3063;0.72265
3064;0.14921
3065;-0.59352
3066;-0.51572
3067;0.24146
3068;0.64141
3069;0.16849
3070;-0.50676
3071;-0.47223
3072;0.19464
3073;0.56984
3074;0.15893
3075;-0.45106
3076;-0.42387
3077;0.18191
3078;0.51922
3079;0.13176
3080;-0.4293
3081;-0.38394
3082;0.19624
3083;0.49755
3084;0.099926
3085;-0.43982
3086;-0.36412
3087;0.22725
3088;0.50878
3089;0.07673
3090;-0.47662
3091;-0.37324
3092;0.26238
3093;0.55231
3094;0.074323
3095;-0.53004
3096;-0.41623
3097;0.28822
3098;0.62311
3099;0.10238
3100;-0.58779
3101;-0.49363
3102;0.29203
3103;0.71219
3104;0.167
3105;-0.63626
3106;-0.60143
3107;0.26313
3108;0.80752
3109;0.26996
3110;-0.66202
3111;-0.73138
3112;0.1941
3113;0.89526
3114;0.40843
3115;-0.6532
3116;-0.87179
3117;0.081682
3118;0.96119
3119;0.57513
3120;-0.60086
3121;-1.0087
3122;-0.072761
3123;0.99218
3124;0.75893
3125;-0.5
3126;-1.1271
3127;-0.26321
3128;0.97759
3129;0.94587
3130;-0.3502
3131;-1.2126
3132;-0.47943
3133;0.91043
3134;1.1205
3135;-0.15582
3136;-1.2528
3137;-0.70788
3138;0.78819
3139;1.2672
3140;0.074232
3141;-1.2385
3142;-0.93285
3143;0.61318
3144;1.3719
3145;0.32725
3146;-1.165
3147;-1.138
3148;0.39252
3149;1.4234
3150;0.58779
3151;-1.0322
3152;-1.3077
3153;0.13756
3154;1.4143
3155;0.83906
3156;-0.84484
3157;-1.4286
3158;-0.13704
3159;1.3418
3160;1.0644
3161;-0.61256
3162;-1.4911
3163;-0.41463
3164;1.2085
3165;1.2488
3166;-0.34862
3167;-1.4897
3168;-0.67799
3169;1.0214
3170;1.3804
3171;-0.068966
3172;-1.424
3173;-0.91088
3174;0.79199
3175;1.4511
3176;0.20919
3177;-1.2988
3178;-1.0995
3179;0.53502
3180;1.4578
3181;0.46894
3182;-1.1232
3183;-1.2336
3184;0.26703
3185;1.4025
3186;0.69512
3187;-0.91003
3188;-1.3075
3189;0.0050385
3190;1.2919
3191;0.87567
3192;-0.67485
3193;-1.3204
3194;-0.23503
3195;1.1368
3196;1.0026
3197;-0.43417
3198;-1.2766
3199;-0.43976
3200;0.95106
3201;1.0728
3202;-0.20412
3203;-1.1845
3204;-0.59938
3205;0.75032
3206;1.0879
3207;0.0010376
3208;-1.0563
3209;-0.70856
3210;0.55044
3211;1.0542
3212;0.1702
3213;-0.90623
3214;-0.76681
3215;0.366
3216;0.98187
3217;0.29635
3218;-0.74958
3219;-0.77829
3220;0.20902
3221;0.88385
3222;0.37709
3223;-0.6009
3224;-0.75133
3225;0.087785
3226;0.77446
3227;0.41473
3228;-0.47266
3229;-0.69741
3230;0.0062254
3231;0.66797
3232;0.4159
3233;-0.37413
3234;-0.62991
3235;-0.036384
3236;0.57713
3237;0.39073
3238;-0.31042
3239;-0.56268
3240;-0.045203
3241;0.51184
3242;0.35171
3243;-0.28216
3244;-0.50858
3245;-0.029175
3246;0.47825
3247;0.31228
3248;-0.28542
3249;-0.4781
3250;-8.57E-14
3251;0.4781
3252;0.28542
3253;-0.31228
3254;-0.47825
3255;0.029175
3256;0.50858
3257;0.28216
3258;-0.35171
3259;-0.51184
3260;0.045203
3261;0.56268
3262;0.31042
3263;-0.39073
3264;-0.57713
3265;0.036384
3266;0.62991
3267;0.37413
3268;-0.4159
3269;-0.66797
3270;-0.0062254
3271;0.69741
3272;0.47266
3273;-0.41473
3274;-0.77446
3275;-0.087785
3276;0.75133
3277;0.6009
3278;-0.37709
3279;-0.88385
3280;-0.20902
3281;0.77829
3282;0.74958
3283;-0.29635
3284;-0.98187
3285;-0.366
3286;0.76681
3287;0.90623
3288;-0.1702
3289;-1.0542
3290;-0.55044
3291;0.70856
3292;1.0563
3293;-0.0010376
3294;-1.0879
3295;-0.75032
3296;0.59938
3297;1.1845
3298;0.20412
3299;-1.0728
3300;-0.95106
3301;0.43976
3302;1.2766
3303;0.43417
3304;-1.0026
3305;-1.1368
3306;0.23503
3307;1.3204
3308;0.67485
3309;-0.87567
3310;-1.2919
3311;-0.0050385
3312;1.3075
3313;0.91003
3314;-0.69512
3315;-1.4025
3316;-0.26703
3317;1.2336
3318;1.1232
3319;-0.46894
3320;-1.4578
3321;-0.53502
3322;1.0995
3323;1.2988
3324;-0.20919
3325;-1.4511
3326;-0.79199
3327;0.91088
3328;1.424
3329;0.068966
3330;-1.3804
3331;-1.0214
3332;0.67799
3333;1.4897
3334;0.34862
3335;-1.2488
3336;-1.2085
3337;0.41463
3338;1.4911
3339;0.61256
3340;-1.0644
3341;-1.3418
3342;0.13704
3343;1.4286
3344;0.84484
3345;-0.83906
3346;-1.4143
3347;-0.13756
3348;1.3077
3349;1.0322
3350;-0.58779
3351;-1.4234
3352;-0.39252
3353;1.138
3354;1.165
3355;-0.32725
3356;-1.3719
3357;-0.61318
3358;0.93285
3359;1.2385
3360;-0.074232
3361;-1.2672
3362;-0.78819
3363;0.70788
3364;1.2528
3365;0.15582
3366;-1.1205
3367;-0.91043
3368;0.47943
3369;1.2126
3370;0.3502
3371;-0.94587
3372;-0.97759
3373;0.26321
3374;1.1271
3375;0.5
3376;-0.75893
3377;-0.99218
3378;0.072761
3379;1.0087
3380;0.60086
3381;-0.57513
3382;-0.96119
3383;-0.081682
3384;0.87179
3385;0.6532
3386;-0.40843
3387;-0.89526
3388;-0.1941
3389;0.73138
3390;0.66202
3391;-0.26996
3392;-0.80752
3393;-0.26313
3394;0.60143
3395;0.63626
3396;-0.167
3397;-0.71219
3398;-0.29203
3399;0.49363
3400;0.58779
3401;-0.10238
3402;-0.62311
3403;-0.28822
3404;0.41623
3405;0.53004
3406;-0.074323
3407;-0.55231
3408;-0.26238
3409;0.37324
3410;0.47662
3411;-0.07673
3412;-0.50878
3413;-0.22725
3414;0.36412
3415;0.43982
3416;-0.099926
3417;-0.49755
3418;-0.19624
3419;0.38394
3420;0.4293
3421;-0.13176
3422;-0.51922
3423;-0.18191
3424;0.42387
3425;0.45106
3426;-0.15893
3427;-0.56984
3428;-0.19464
3429;0.47223
3430;0.50676
3431;-0.16849
3432;-0.64141
3433;-0.24146
3434;0.51572
3435;0.59352
3436;-0.14921
3437;-0.72265
3438;-0.3252
3439;0.54087
3440;0.70413
3441;-0.092918
3442;-0.80018
3443;-0.44414
3444;0.53548
3445;0.82778
3446;0.0046098
3447;-0.85995
3448;-0.59206
3449;0.49002
3450;0.95106
3451;0.14304
3452;-0.88867
3453;-0.75874
3454;0.39865
3455;1.0593
3456;0.31739
3457;-0.87527
3458;-0.93094
3459;0.26002
3460;1.1382
3461;0.51838
3462;-0.81209
3463;-1.0936
3464;0.077521
3465;1.175
3466;0.73318
3467;-0.69577
3468;-1.2313
3469;-0.14087
3470;1.1601
3471;0.94664
3472;-0.52774
3473;-1.3299
3474;-0.38321
3475;1.0878
3476;1.1426
3477;-0.31424
3478;-1.3775
3479;-0.63462
3480;0.95728
3481;1.3054
3482;-0.065854
3483;-1.3662
3484;-0.8786
3485;0.77263
3486;1.4215
3487;0.20335
3488;-1.2927
3489;-1.0985
3490;0.54258
3491;1.4804
3492;0.47704
3493;-1.1585
3494;-1.2791
3495;0.27984
3496;1.4763
3497;0.73806
3498;-0.96996
3499;-1.4079
3500;-2.46E-13
3501;1.4079
3502;0.96996
3503;-0.73806
3504;-1.4763
3505;-0.27984
3506;1.2791
3507;1.1585
3508;-0.47704
3509;-1.4804
3510;-0.54258
3511;1.0985
3512;1.2927
3513;-0.20335
3514;-1.4215
3515;-0.77263
3516;0.8786
3517;1.3662
3518;0.065854
3519;-1.3054
3520;-0.95728
3521;0.63462
3522;1.3775
3523;0.31424
3524;-1.1426
3525;-1.0878
3526;0.38321
3527;1.3299
3528;0.52774
3529;-0.94664
3530;-1.1601
3531;0.14087
3532;1.2313
3533;0.69577
3534;-0.73318
3535;-1.175
3536;-0.077521
3537;1.0936
3538;0.81209
3539;-0.51838
3540;-1.1382
3541;-0.26002
3542;0.93094
3543;0.87527
3544;-0.31739
3545;-1.0593
3546;-0.39865
3547;0.75874
3548;0.88867
3549;-0.14304
3550;-0.95106
3551;-0.49002
3552;0.59206
3553;0.85995
3554;-0.0046098
3555;-0.82778
3556;-0.53548
3557;0.44414
3558;0.80018
3559;0.092918
3560;-0.70413
3561;-0.54087
3562;0.3252
3563;0.72265
3564;0.14921
3565;-0.59352
3566;-0.51572
3567;0.24146
3568;0.64141
3569;0.16849
3570;-0.50676
3571;-0.47223
3572;0.19464
3573;0.56984
3574;0.15893
3575;-0.45106
3576;-0.42387
3577;0.18191
3578;0.51922
3579;0.13176
3580;-0.4293
3581;-0.38394
3582;0.19624
3583;0.49755
3584;0.099926
3585;-0.43982
3586;-0.36412
3587;0.22725
3588;0.50878
3589;0.07673
3590;-0.47662
3591;-0.37324
3592;0.26238
3593;0.55231
3594;0.074323
3595;-0.53004
3596;-0.41623
3597;0.28822
3598;0.62311
3599;0.10238
3600;-0.58779
3601;-0.49363
3602;0.29203
3603;0.71219
3604;0.167
3605;-0.63626
3606;-0.60143
3607;0.26313
3608;0.80752
3609;0.26996
3610;-0.66202
3611;-0.73138
3612;0.1941
3613;0.89526
3614;0.40843
3615;-0.6532
3616;-0.87179
3617;0.081682
3618;0.96119
3619;0.57513
3620;-0.60086
3621;-1.0087
3622;-0.072761
3623;0.99218
3624;0.75893
3625;-0.5
3626;-1.1271
3627;-0.26321
3628;0.97759
3629;0.94587
3630;-0.3502
3631;-1.2126
3632;-0.47943
3633;0.91043
3634;1.1205
3635;-0.15582
3636;-1.2528
3637;-0.70788
3638;0.78819
3639;1.2672
3640;0.074232
3641;-1.2385
3642;-0.93285
3643;0.61318
3644;1.3719
3645;0.32725
3646;-1.165
3647;-1.138
3648;0.39252
3649;1.4234
3650;0.58779
3651;-1.0322
3652;-1.3077
3653;0.13756
3654;1.4143
3655;0.83906
3656;-0.84484
3657;-1.4286
3658;-0.13704
3659;1.3418
3660;1.0644
3661;-0.61256
3662;-1.4911
3663;-0.41463
3664;1.2085
3665;1.2488
3666;-0.34862
3667;-1.4897
3668;-0.67799
3669;1.0214
3670;1.3804
3671;-0.068966
3672;-1.424
3673;-0.91088
3674;0.79199
3675;1.4511
3676;0.20919
3677;-1.2988
3678;-1.0995
3679;0.53502
3680;1.4578
3681;0.46894
3682;-1.1232
3683;-1.2336
3684;0.26703
3685;1.4025
3686;0.69512
3687;-0.91003
3688;-1.3075
3689;0.0050385
3690;1.2919
3691;0.87567
3692;-0.67485
3693;-1.3204
3694;-0.23503
3695;1.1368
3696;1.0026
3697;-0.43417
3698;-1.2766
3699;-0.43976
3700;0.95106
3701;1.0728
3702;-0.20412
3703;-1.1845
3704;-0.59938
3705;0.75032
3706;1.0879
3707;0.0010376
3708;-1.0563
3709;-0.70856
3710;0.55044
3711;1.0542
3712;0.1702
3713;-0.90623
3714;-0.76681
3715;0.366
3716;0.98187
3717;0.29635
3718;-0.74958
3719;-0.77829
3720;0.20902
3721;0.88385
3722;0.37709
3723;-0.6009
3724;-0.75133
3725;0.087785
3726;0.77446
3727;0.41473
3728;-0.47266
3729;-0.69741
3730;0.0062254
3731;0.66797
3732;0.4159
3733;-0.37413
3734;-0.62991
3735;-0.036384
3736;0.57713
3737;0.39073
3738;-0.31042
3739;-0.56268
3740;-0.045203
3741;0.51184
3742;0.35171
3743;-0.28216
3744;-0.50858
3745;-0.029175
3746;0.47825
3747;0.31228
3748;-0.28542
3749;-0.4781
3750;7.60E-14
3751;0.4781
3752;0.28542
3753;-0.31228
3754;-0.47825
3755;0.029175
3756;0.50858
3757;0.28216
3758;-0.35171
3759;-0.51184
3760;0.045203
3761;0.56268
3762;0.31042
3763;-0.39073
3764;-0.57713
3765;0.036384
3766;0.62991
3767;0.37413
3768;-0.4159
3769;-0.66797
3770;-0.0062254
3771;0.69741
3772;0.47266
3773;-0.41473
3774;-0.77446
3775;-0.087785
3776;0.75133
3777;0.6009
3778;-0.37709
3779;-0.88385
3780;-0.20902
3781;0.77829
3782;0.74958
3783;-0.29635
3784;-0.98187
3785;-0.366
3786;0.76681
3787;0.90623
3788;-0.1702
3789;-1.0542
3790;-0.55044
3791;0.70856
3792;1.0563
3793;-0.0010376
3794;-1.0879
3795;-0.75032
3796;0.59938
3797;1.1845
3798;0.20412
3799;-1.0728
3800;-0.95106
3801;0.43976
3802;1.2766
3803;0.43417
3804;-1.0026
3805;-1.1368
3806;0.23503
3807;1.3204
3808;0.67485
3809;-0.87567
3810;-1.2919
3811;-0.0050385
3812;1.3075
3813;0.91003
3814;-0.69512
3815;-1.4025
3816;-0.26703
3817;1.2336
3818;1.1232
3819;-0.46894
3820;-1.4578
3821;-0.53502
3822;1.0995
3823;1.2988
3824;-0.20919
3825;-1.4511
3826;-0.79199
3827;0.91088
3828;1.424
3829;0.068966
3830;-1.3804
3831;-1.0214
3832;0.67799
3833;1.4897
3834;0.34862
3835;-1.2488
3836;-1.2085
3837;0.41463
3838;1.4911
3839;0.61256
3840;-1.0644
3841;-1.3418
3842;0.13704
3843;1.4286
3844;0.84484
3845;-0.83906
3846;-1.4143
3847;-0.13756
3848;1.3077
3849;1.0322
3850;-0.58779
3851;-1.4234
3852;-0.39252
3853;1.138
3854;1.165
3855;-0.32725
3856;-1.3719
3857;-0.61318
3858;0.93285
3859;1.2385
3860;-0.074232
3861;-1.2672
3862;-0.78819
3863;0.70788
3864;1.2528
3865;0.15582
3866;-1.1205
3867;-0.91043
3868;0.47943
3869;1.2126
3870;0.3502
3871;-0.94587
3872;-0.97759
3873;0.26321
3874;1.1271
3875;0.5
3876;-0.75893
3877;-0.99218
3878;0.072761
3879;1.0087
3880;0.60086
3881;-0.57513
3882;-0.96119
3883;-0.081682
3884;0.87179
3885;0.6532
3886;-0.40843
3887;-0.89526
3888;-0.1941
3889;0.73138
3890;0.66202
3891;-0.26996
3892;-0.80752
3893;-0.26313
3894;0.60143
3895;0.63626
3896;-0.167
3897;-0.71219
3898;-0.29203
3899;0.49363
3900;0.58779
3901;-0.10238
3902;-0.62311
3903;-0.28822
3904;0.41623
3905;0.53004
3906;-0.074323
3907;-0.55231
3908;-0.26238
3909;0.37324
3910;0.47662
3911;-0.07673
3912;-0.50878
3913;-0.22725
3914;0.36412
3915;0.43982
3916;-0.099926
3917;-0.49755
3918;-0.19624
3919;0.38394
3920;0.4293
3921;-0.13176
3922;-0.51922
3923;-0.18191
3924;0.42387
3925;0.45106
3926;-0.15893
3927;-0.56984
3928;-0.19464
3929;0.47223
3930;0.50676
3931;-0.16849
3932;-0.64141
3933;-0.24146
3934;0.51572
3935;0.59352
3936;-0.14921
3937;-0.72265
3938;-0.3252
3939;0.54087
3940;0.70413
3941;-0.092918
3942;-0.80018
3943;-0.44414
3944;0.53548
3945;0.82778
3946;0.0046098
3947;-0.85995
3948;-0.59206
3949;0.49002
3950;0.95106
3951;0.14304
3952;-0.88867
3953;-0.75874
3954;0.39865
3955;1.0593
3956;0.31739
3957;-0.87527
3958;-0.93094
3959;0.26002
3960;1.1382
3961;0.51838
3962;-0.81209
3963;-1.0936
3964;0.077521
3965;1.175
3966;0.73318
3967;-0.69577
3968;-1.2313
3969;-0.14087
3970;1.1601
3971;0.94664
3972;-0.52774
3973;-1.3299
3974;-0.38321
3975;1.0878
3976;1.1426
3977;-0.31424
3978;-1.3775
3979;-0.63462
3980;0.95728
3981;1.3054
3982;-0.065854
3983;-1.3662
3984;-0.8786
3985;0.77263
3986;1.4215
3987;0.20335
3988;-1.2927
3989;-1.0985
3990;0.54258
3991;1.4804
3992;0.47704
3993;-1.1585
3994;-1.2791
3995;0.27984
3996;1.4763
3997;0.73806
3998;-0.96996
3999;-1.4079
4000;-9.96E-13
4001;1.4079
4002;0.96996
4003;-0.73806
4004;-1.4763
4005;-0.27984
4006;1.2791
4007;1.1585
4008;-0.47704
4009;-1.4804
4010;-0.54258
4011;1.0985
4012;1.2927
4013;-0.20335
4014;-1.4215
4015;-0.77263
4016;0.8786
4017;1.3662
4018;0.065854
4019;-1.3054
4020;-0.95728
4021;0.63462
4022;1.3775
4023;0.31424
4024;-1.1426
4025;-1.0878
4026;0.38321
4027;1.3299
4028;0.52774
4029;-0.94664
4030;-1.1601
4031;0.14087
4032;1.2313
4033;0.69577
4034;-0.73318
4035;-1.175
4036;-0.077521
4037;1.0936
4038;0.81209
4039;-0.51838
4040;-1.1382
4041;-0.26002
4042;0.93094
4043;0.87527
4044;-0.31739
4045;-1.0593
4046;-0.39865
4047;0.75874
4048;0.88867
4049;-0.14304
4050;-0.95106
4051;-0.49002
4052;0.59206
4053;0.85995
4054;-0.0046098
4055;-0.82778
4056;-0.53548
4057;0.44414
4058;0.80018
4059;0.092918
4060;-0.70413
4061;-0.54087
4062;0.3252
4063;0.72265
4064;0.14921
4065;-0.59352
4066;-0.51572
4067;0.24146
4068;0.64141
4069;0.16849
4070;-0.50676
4071;-0.47223
4072;0.19464
4073;0.56984
4074;0.15893
4075;-0.45106
4076;-0.42387
4077;0.18191
4078;0.51922
4079;0.13176
4080;-0.4293
4081;-0.38394
4082;0.19624
4083;0.49755
4084;0.099926
4085;-0.43982
4086;-0.36412
4087;0.22725
4088;0.50878
4089;0.07673
4090;-0.47662
4091;-0.37324
4092;0.26238
4093;0.55231
4094;0.074323
4095;-0.53004
4096;-0.41623
4097;0.28822
4098;0.62311
4099;0.10238
4100;-0.58779
4101;-0.49363
4102;0.29203
4103;0.71219
4104;0.167
4105;-0.63626
4106;-0.60143
4107;0.26313
4108;0.80752
4109;0.26996
4110;-0.66202
4111;-0.73138
4112;0.1941
4113;0.89526
4114;0.40843
4115;-0.6532
4116;-0.87179
4117;0.081682
4118;0.96119
4119;0.57513
4120;-0.60086
4121;-1.0087
4122;-0.072761
4123;0.99218
4124;0.75893
4125;-0.5
4126;-1.1271
4127;-0.26321
4128;0.97759
4129;0.94587
4130;-0.3502
4131;-1.2126
4132;-0.47943
4133;0.91043
4134;1.1205
4135;-0.15582
4136;-1.2528
4137;-0.70788
4138;0.78819
4139;1.2672
4140;0.074232
4141;-1.2385
4142;-0.93285
4143;0.61318
4144;1.3719
4145;0.32725
4146;-1.165
4147;-1.138
4148;0.39252
4149;1.4234
4150;0.58779
4151;-1.0322
4152;-1.3077
4153;0.13756
4154;1.4143
4155;0.83906
4156;-0.84484
4157;-1.4286
4158;-0.13704
4159;1.3418
4160;1.0644
4161;-0.61256
4162;-1.4911
4163;-0.41463
4164;1.2085
4165;1.2488
4166;-0.34862
4167;-1.4897
4168;-0.67799
4169;1.0214
4170;1.3804
4171;-0.068966
4172;-1.424
4173;-0.91088
4174;0.79199
4175;1.4511
4176;0.20919
4177;-1.2988
4178;-1.0995
4179;0.53502
4180;1.4578
4181;0.46894
4182;-1.1232
4183;-1.2336
4184;0.26703
4185;1.4025
4186;0.69512
4187;-0.91003
4188;-1.3075
4189;0.0050385
4190;1.2919
4191;0.87567
4192;-0.67485
4193;-1.3204
4194;-0.23503
4195;1.1368
4196;1.0026
4197;-0.43417
4198;-1.2766
4199;-0.43976
4200;0.95106
4201;1.0728
4202;-0.20412
4203;-1.1845
4204;-0.59938
4205;0.75032
4206;1.0879
4207;0.0010376
4208;-1.0563
4209;-0.70856
4210;0.55044
4211;1.0542
4212;0.1702
4213;-0.90623
4214;-0.76681
4215;0.366
4216;0.98187
4217;0.29635
4218;-0.74958
4219;-0.77829
4220;0.20902
4221;0.88385
4222;0.37709
4223;-0.6009
4224;-0.75133
4225;0.087785
4226;0.77446
4227;0.41473
4228;-0.47266
4229;-0.69741
4230;0.0062254
4231;0.66797
4232;0.4159
4233;-0.37413
4234;-0.62991
4235;-0.036384
4236;0.57713
4237;0.39073
4238;-0.31042
4239;-0.56268
4240;-0.045203
4241;0.51184
4242;0.35171
4243;-0.28216
4244;-0.50858
4245;-0.029175
4246;0.47825
4247;0.31228
4248;-0.28542
4249;-0.4781
4250;2.38E-13
4251;0.4781
4252;0.28542
4253;-0.31228
4254;-0.47825
4255;0.029175
4256;0.50858
4257;0.28216
4258;-0.35171
4259;-0.51184
4260;0.045203
4261;0.56268
4262;0.31042
4263;-0.39073
4264;-0.57713
4265;0.036384
4266;0.62991
4267;0.37413
4268;-0.4159
4269;-0.66797
4270;-0.0062254
4271;0.69741
4272;0.47266
4273;-0.41473
4274;-0.77446
4275;-0.087785
4276;0.75133
4277;0.6009
4278;-0.37709
4279;-0.88385
4280;-0.20902
4281;0.77829
4282;0.74958
4283;-0.29635
4284;-0.98187
4285;-0.366
4286;0.76681
4287;0.90623
4288;-0.1702
4289;-1.0542
4290;-0.55044
4291;0.70856
4292;1.0563
4293;-0.0010376
4294;-1.0879
4295;-0.75032
4296;0.59938
4297;1.1845
4298;0.20412
4299;-1.0728
4300;-0.95106
4301;0.43976
4302;1.2766
4303;0.43417
4304;-1.0026
4305;-1.1368
4306;0.23503
4307;1.3204
4308;0.67485
4309;-0.87567
4310;-1.2919
4311;-0.0050385
4312;1.3075
4313;0.91003
4314;-0.69512
4315;-1.4025
4316;-0.26703
4317;1.2336
4318;1.1232
4319;-0.46894
4320;-1.4578
4321;-0.53502
4322;1.0995
4323;1.2988
4324;-0.20919
4325;-1.4511
4326;-0.79199
4327;0.91088
4328;1.424
4329;0.068966
4330;-1.3804
4331;-1.0214
4332;0.67799
4333;1.4897
4334;0.34862
4335;-1.2488
4336;-1.2085
4337;0.41463
4338;1.4911
4339;0.61256
4340;-1.0644
4341;-1.3418
4342;0.13704
4343;1.4286
4344;0.84484
4345;-0.83906
4346;-1.4143
4347;-0.13756
4348;1.3077
4349;1.0322
4350;-0.58779
4351;-1.4234
4352;-0.39252
4353;1.138
4354;1.165
4355;-0.32725
4356;-1.3719
4357;-0.61318
4358;0.93285
4359;1.2385
4360;-0.074232
4361;-1.2672
4362;-0.78819
4363;0.70788
4364;1.2528
4365;0.15582
4366;-1.1205
4367;-0.91043
4368;0.47943
4369;1.2126
4370;0.3502
4371;-0.94587
4372;-0.97759
4373;0.26321
4374;1.1271
4375;0.5
4376;-0.75893
4377;-0.99218
4378;0.072761
4379;1.0087
4380;0.60086
4381;-0.57513
4382;-0.96119
4383;-0.081682
4384;0.87179
4385;0.6532
4386;-0.40843
4387;-0.89526
4388;-0.1941
4389;0.73138
4390;0.66202
4391;-0.26996
4392;-0.80752
4393;-0.26313
4394;0.60143
4395;0.63626
4396;-0.167
4397;-0.71219
4398;-0.29203
4399;0.49363
4400;0.58779
4401;-0.10238
4402;-0.62311
4403;-0.28822
4404;0.41623
4405;0.53004
4406;-0.074323
4407;-0.55231
4408;-0.26238
4409;0.37324
4410;0.47662
4411;-0.07673
4412;-0.50878
4413;-0.22725
4414;0.36412
4415;0.43982
4416;-0.099926
4417;-0.49755
4418;-0.19624
4419;0.38394
4420;0.4293
4421;-0.13176
4422;-0.51922
4423;-0.18191
4424;0.42387
4425;0.45106
4426;-0.15893
4427;-0.56984
4428;-0.19464
4429;0.47223
4430;0.50676
4431;-0.16849
4432;-0.64141
4433;-0.24146
4434;0.51572
4435;0.59352
4436;-0.14921
4437;-0.72265
4438;-0.3252
4439;0.54087
4440;0.70413
4441;-0.092918
4442;-0.80018
4443;-0.44414
4444;0.53548
4445;0.82778
4446;0.0046098
4447;-0.85995
4448;-0.59206
4449;0.49002
4450;0.95106
4451;0.14304
4452;-0.88867
4453;-0.75874
4454;0.39865
4455;1.0593
4456;0.31739
4457;-0.87527
4458;-0.93094
4459;0.26002
4460;1.1382
4461;0.51838
4462;-0.81209
4463;-1.0936
4464;0.077521
4465;1.175
4466;0.73318
4467;-0.69577
4468;-1.2313
4469;-0.14087
4470;1.1601
4471;0.94664
4472;-0.52774
4473;-1.3299
4474;-0.38321
4475;1.0878
4476;1.1426
4477;-0.31424
4478;-1.3775
4479;-0.63462
4480;0.95728
4481;1.3054
4482;-0.065854
4483;-1.3662
4484;-0.8786
4485;0.77263
4486;1.4215
4487;0.20335
4488;-1.2927
4489;-1.0985
4490;0.54258
4491;1.4804
4492;0.47704
4493;-1.1585
4494;-1.2791
4495;0.27984
4496;1.4763
4497;0.73806
4498;-0.96996
4499;-1.4079
4500;-8.36E-13
4501;1.4079
4502;0.96996
4503;-0.73806
4504;-1.4763
4505;-0.27984
4506;1.2791
4507;1.1585
4508;-0.47704
4509;-1.4804
4510;-0.54258
4511;1.0985
4512;1.2927
4513;-0.20335
4514;-1.4215
4515;-0.77263
4516;0.8786
4517;1.3662
4518;0.065854
4519;-1.3054
4520;-0.95728
4521;0.63462
4522;1.3775
4523;0.31424
4524;-1.1426
4525;-1.0878
4526;0.38321
4527;1.3299
4528;0.52774
4529;-0.94664
4530;-1.1601
4531;0.14087
4532;1.2313
4533;0.69577
4534;-0.73318
4535;-1.175
4536;-0.077521
4537;1.0936
4538;0.81209
4539;-0.51838
4540;-1.1382
4541;-0.26002
4542;0.93094
4543;0.87527
4544;-0.31739
4545;-1.0593
4546;-0.39865
4547;0.75874
4548;0.88867
4549;-0.14304
4550;-0.95106
4551;-0.49002
4552;0.59206
4553;0.85995
4554;-0.0046098
4555;-0.82778
4556;-0.53548
4557;0.44414
4558;0.80018
4559;0.092918
4560;-0.70413
4561;-0.54087
4562;0.3252
4563;0.72265
4564;0.14921
4565;-0.59352
4566;-0.51572
4567;0.24146
4568;0.64141
4569;0.16849
4570;-0.50676
4571;-0.47223
4572;0.19464
4573;0.56984
4574;0.15893
4575;-0.45106
4576;-0.42387
4577;0.18191
4578;0.51922
4579;0.13176
4580;-0.4293
4581;-0.38394
4582;0.19624
4583;0.49755
4584;0.099926
4585;-0.43982
4586;-0.36412
4587;0.22725
4588;0.50878
4589;0.07673
4590;-0.47662
4591;-0.37324
4592;0.26238
4593;0.55231
4594;0.074323
4595;-0.53004
4596;-0.41623
4597;0.28822
4598;0.62311
4599;0.10238
4600;-0.58779
4601;-0.49363
4602;0.29203
4603;0.71219
4604;0.167
4605;-0.63626
4606;-0.60143
4607;0.26313
4608;0.80752
4609;0.26996
4610;-0.66202
4611;-0.73138
4612;0.1941
4613;0.89526
4614;0.40843
4615;-0.6532
4616;-0.87179
4617;0.081682
4618;0.96119
4619;0.57513
4620;-0.60086
4621;-1.0087
4622;-0.072761
4623;0.99218
4624;0.75893
4625;-0.5
4626;-1.1271
4627;-0.26321
4628;0.97759
4629;0.94587
4630;-0.3502
4631;-1.2126
4632;-0.47943
4633;0.91043
4634;1.1205
4635;-0.15582
4636;-1.2528
4637;-0.70788
4638;0.78819
4639;1.2672
4640;0.074232
4641;-1.2385
4642;-0.93285
4643;0.61318
4644;1.3719
4645;0.32725
4646;-1.165
4647;-1.138
4648;0.39252
4649;1.4234
4650;0.58779
4651;-1.0322
4652;-1.3077
4653;0.13756
4654;1.4143
4655;0.83906
4656;-0.84484
4657;-1.4286
4658;-0.13704
4659;1.3418
4660;1.0644
4661;-0.61256
4662;-1.4911
4663;-0.41463
4664;1.2085
4665;1.2488
4666;-0.34862
4667;-1.4897
4668;-0.67799
4669;1.0214
4670;1.3804
4671;-0.068966
4672;-1.424
4673;-0.91088
4674;0.79199
4675;1.4511
4676;0.20919
4677;-1.2988
4678;-1.0995
4679;0.53502
4680;1.4578
4681;0.46894
4682;-1.1232
4683;-1.2336
4684;0.26703
4685;1.4025
4686;0.69512
4687;-0.91003
4688;-1.3075
4689;0.0050385
4690;1.2919
4691;0.87567
4692;-0.67485
4693;-1.3204
4694;-0.23503
4695;1.1368
4696;1.0026
4697;-0.43417
4698;-1.2766
4699;-0.43976
4700;0.95106
4701;1.0728
4702;-0.20412
4703;-1.1845
4704;-0.59938
4705;0.75032
4706;1.0879
4707;0.0010376
4708;-1.0563
4709;-0.70856
4710;0.55044
4711;1.0542
4712;0.1702
4713;-0.90623
4714;-0.76681
4715;0.366
4716;0.98187
4717;0.29635
4718;-0.74958
4719;-0.77829
4720;0.20902
4721;0.88385
4722;0.37709
4723;-0.6009
4724;-0.75133
4725;0.087785
4726;0.77446
4727;0.41473
4728;-0.47266
4729;-0.69741
4730;0.0062254
4731;0.66797
4732;0.4159
4733;-0.37413
4734;-0.62991
4735;-0.036384
4736;0.57713
4737;0.39073
4738;-0.31042
4739;-0.56268
4740;-0.045203
4741;0.51184
4742;0.35171
4743;-0.28216
4744;-0.50858
4745;-0.029175
4746;0.47825
4747;0.31228
4748;-0.28542
4749;-0.4781
4750;3.99E-13
4751;0.4781
4752;0.28542
4753;-0.31228
4754;-0.47825
4755;0.029175
4756;0.50858
4757;0.28216
4758;-0.35171
4759;-0.51184
4760;0.045203
4761;0.56268
4762;0.31042
4763;-0.39073
4764;-0.57713
4765;0.036384
4766;0.62991
4767;0.37413
4768;-0.4159
4769;-0.66797
4770;-0.0062254
4771;0.69741
4772;0.47266
4773;-0.41473
4774;-0.77446
4775;-0.087785
4776;0.75133
4777;0.6009
4778;-0.37709
4779;-0.88385
4780;-0.20902
4781;0.77829
4782;0.74958
4783;-0.29635
4784;-0.98187
4785;-0.366
4786;0.76681
4787;0.90623
4788;-0.1702
4789;-1.0542
4790;-0.55044
4791;0.70856
4792;1.0563
4793;-0.0010376
4794;-1.0879
4795;-0.75032
4796;0.59938
4797;1.1845
4798;0.20412
4799;-1.0728
4800;-0.95106
4801;0.43976
4802;1.2766
4803;0.43417
4804;-1.0026
4805;-1.1368
4806;0.23503
4807;1.3204
4808;0.67485
4809;-0.87567
4810;-1.2919
4811;-0.0050385
4812;1.3075
4813;0.91003
4814;-0.69512
4815;-1.4025
4816;-0.26703
4817;1.2336
4818;1.1232
4819;-0.46894
4820;-1.4578
4821;-0.53502
4822;1.0995
4823;1.2988
4824;-0.20919
4825;-1.4511
4826;-0.79199
4827;0.91088
4828;1.424
4829;0.068966
4830;-1.3804
4831;-1.0214
4832;0.67799
4833;1.4897
4834;0.34862
4835;-1.2488
4836;-1.2085
4837;0.41463
4838;1.4911
4839;0.61256
4840;-1.0644
4841;-1.3418
4842;0.13704
4843;1.4286
4844;0.84484
4845;-0.83906
4846;-1.4143
4847;-0.13756
4848;1.3077
4849;1.0322
4850;-0.58779
4851;-1.4234
4852;-0.39252
4853;1.138
4854;1.165
4855;-0.32725
4856;-1.3719
4857;-0.61318
4858;0.93285
4859;1.2385
4860;-0.074232
4861;-1.2672
4862;-0.78819
4863;0.70788
4864;1.2528
4865;0.15582
4866;-1.1205
4867;-0.91043
4868;0.47943
4869;1.2126
4870;0.3502
4871;-0.94587
4872;-0.97759
4873;0.26321
4874;1.1271
4875;0.5
4876;-0.75893
4877;-0.99218
4878;0.072761
4879;1.0087
4880;0.60086
4881;-0.57513
4882;-0.96119
4883;-0.081682
4884;0.87179
4885;0.6532
4886;-0.40843
4887;-0.89526
4888;-0.1941
4889;0.73138
4890;0.66202
4891;-0.26996
4892;-0.80752
4893;-0.26313
4894;0.60143
4895;0.63626
4896;-0.167
4897;-0.71219
4898;-0.29203
4899;0.49363
4900;0.58779
4901;-0.10238
4902;-0.62311
4903;-0.28822
4904;0.41623
4905;0.53004
4906;-0.074323
4907;-0.55231
4908;-0.26238
4909;0.37324
4910;0.47662
4911;-0.07673
4912;-0.50878
4913;-0.22725
4914;0.36412
4915;0.43982
4916;-0.099926
4917;-0.49755
4918;-0.19624
4919;0.38394
4920;0.4293
4921;-0.13176
4922;-0.51922
4923;-0.18191
4924;0.42387
4925;0.45106
4926;-0.15893
4927;-0.56984
4928;-0.19464
4929;0.47223
4930;0.50676
4931;-0.16849
4932;-0.64141
4933;-0.24146
4934;0.51572
4935;0.59352
4936;-0.14921
4937;-0.72265
4938;-0.3252
4939;0.54087
4940;0.70413
4941;-0.092918
4942;-0.80018
4943;-0.44414
4944;0.53548
4945;0.82778
4946;0.0046098
4947;-0.85995
4948;-0.59206
4949;0.49002
4950;0.95106
4951;0.14304
4952;-0.88867
4953;-0.75874
4954;0.39865
4955;1.0593
4956;0.31739
4957;-0.87527
4958;-0.93094
4959;0.26002
4960;1.1382
4961;0.51838
4962;-0.81209
4963;-1.0936
4964;0.077521
4965;1.175
4966;0.73318
4967;-0.69577
4968;-1.2313
4969;-0.14087
4970;1.1601
4971;0.94664
4972;-0.52774
4973;-1.3299
4974;-0.38321
4975;1.0878
4976;1.1426
4977;-0.31424
4978;-1.3775
4979;-0.63462
4980;0.95728
4981;1.3054
4982;-0.065854
4983;-1.3662
4984;-0.8786
4985;0.77263
4986;1.4215
4987;0.20335
4988;-1.2927
4989;-1.0985
4990;0.54258
4991;1.4804
4992;0.47704
4993;-1.1585
4994;-1.2791
4995;0.27984
4996;1.4763
4997;0.73806
4998;-0.96996
4999;-1.4079
5000;-6.76E-13
5001;1.4079
5002;0.96996
5003;-0.73806
5004;-1.4763
5005;-0.27984
5006;1.2791
5007;1.1585
5008;-0.47704
5009;-1.4804
5010;-0.54258
5011;1.0985
5012;1.2927
5013;-0.20335
5014;-1.4215
5015;-0.77263
5016;0.8786
5017;1.3662
5018;0.065854
5019;-1.3054
5020;-0.95728
5021;0.63462
5022;1.3775
5023;0.31424
5024;-1.1426
5025;0
5026;0
